{
  "Temporal-only": {
    "auroc_500ms": 0.9893191116306254,
    "auprc_500ms": 0.9482478694407716,
    "lead_time_ms": 500.0,
    "false_alarms_per_min": 531.1623246492986,
    "miss_rate_pct": 0.0
  },
  "Entropy-only": {
    "auroc_500ms": 0.9804067078860212,
    "auprc_500ms": 0.9181677532512724,
    "lead_time_ms": 500.0,
    "false_alarms_per_min": 377.85571142284573,
    "miss_rate_pct": 0.0
  },
  "SAFE-style": {
    "auroc_500ms": 0.9911486050016918,
    "auprc_500ms": 0.9590476172121969,
    "lead_time_ms": 500.0,
    "false_alarms_per_min": 2.705410821643287,
    "miss_rate_pct": 16.140350877192983
  },
  "Anomaly Detector": {
    "auroc_500ms": 0.4543387984865729,
    "auprc_500ms": 0.1556403163475461,
    "lead_time_ms": 350,
    "false_alarms_per_min": 0.5,
    "miss_rate_pct": 20.0
  }
}