{
  "Baseline (normal)": {
    "auroc": 0.9910055676889478,
    "drop_pct": 0.0
  },
  "Time-Shuffle": {
    "auroc": 0.9506231607657367,
    "drop_pct": 4.074892032885741
  },
  "Counterfactual": {
    "auroc": 0.9900388726919339,
    "drop_pct": 0.0975468784971824
  },
  "No Time-Index": {
    "auroc": 0.9938673393009115,
    "drop_pct": -0.28877452410661025
  }
}