{
  "method": "SALUS",
  "auroc": 0.8833157167663044,
  "precision": 0.41249,
  "recall": 0.5156125,
  "f1": 0.45832222222222224,
  "false_alarm_rate": 0.06385978260869565,
  "threshold": 0.46008921861648555,
  "tp": 41249,
  "fp": 58751,
  "tn": 861249,
  "fn": 38751
}