{
  "method": "SALUS",
  "auroc": 0.8922665225225225,
  "precision": 0.393,
  "recall": 0.524,
  "f1": 0.4491428571428571,
  "false_alarm_rate": 0.06562162162162162,
  "threshold": 0.4923650592565537,
  "tp": 393,
  "fp": 607,
  "tn": 8643,
  "fn": 357
}